
INSERT INTO tb_venda (id_venda, `data`, loja, pdv, `status`) VALUES
(1, '2017-06-26 18:41:00', 1, 1, 'NÃO PROCESSADO'),
(2, '2017-06-27 18:41:00', 2, 1, 'NÃO PROCESSADO'),
(3, '2017-06-28 18:41:00', 3, 1, 'NÃO PROCESSADO'),
(4, '2017-06-29 18:41:00', 1, 2, 'NÃO PROCESSADO'),
(5, '2017-06-30 18:41:00', 2, 2, 'NÃO PROCESSADO'),
(6, '2017-07-01 18:41:00', 3, 2, 'NÃO PROCESSADO'),
(7, '2017-07-02 18:41:00', 1, 3, 'NÃO PROCESSADO'),
(8, '2017-07-03 18:41:00', 2, 3, 'NÃO PROCESSADO'),
(9, '2017-07-04 18:41:00', 3, 3, 'NÃO PROCESSADO'),
(10, '2017-07-05 18:41:00', 1, 4, 'NÃO PROCESSADO'),
(11, '2017-07-06 18:41:00', 2, 4, 'NÃO PROCESSADO'),
(12, '2017-07-07 18:41:00', 3, 4, 'NÃO PROCESSADO'),
(13, '2017-07-08 18:41:00', 1, 5, 'NÃO PROCESSADO'),
(14, '2017-07-09 18:41:00', 2, 5, 'NÃO PROCESSADO'),
(15, '2017-07-10 18:41:00', 3, 5, 'NÃO PROCESSADO'),
(16, '2017-07-11 18:41:00', 1, 6, 'NÃO PROCESSADO'),
(17, '2017-07-12 18:41:00', 2, 6, 'NÃO PROCESSADO'),
(18, '2017-07-13 18:41:00', 3, 6, 'NÃO PROCESSADO'),
(19, '2017-07-14 18:41:00', 1, 7, 'NÃO PROCESSADO'),
(20, '2017-07-15 18:41:00', 2, 7, 'NÃO PROCESSADO'),
(21, '2017-07-16 18:41:00', 3, 7, 'NÃO PROCESSADO'),
(22, '2017-07-17 18:41:00', 3, 8, 'NÃO PROCESSADO');

INSERT INTO tb_item_venda (id_item_venda, id_venda, desconto, preco_unitario, produto) VALUES
(1, 1, 0, 1.99, '0987654329'),
(1, 2, 0, 1.99, '0987654329'),
(1, 3, 0, 1.99, '0987654329'),
(1, 4, 0, 1.99, '0987654329'),
(1, 5, 0, 1.99, '0987654329'),
(1, 6, 0, 1.99, '0987654329'),
(1, 7, 0, 1.99, '0987654329'),
(1, 8, 0, 1.99, '0987654329'),
(1, 9, 0, 1.99, '0987654329'),
(1, 10, 0, 1.99, '0987654329'),
(1, 11, 0, 1.99, '0987654329'),
(1, 12, 0, 1.99, '0987654329'),
(1, 13, 0, 1.99, '0987654329'),
(1, 14, 0, 1.99, '0987654329'),
(1, 15, 0, 1.99, '0987654329'),
(1, 16, 0, 1.99, '0987654329'),
(1, 17, 0, 1.99, '0987654329'),
(1, 18, 1, 2.99, '1234567890'),
(1, 19, 1, 2.99, '1234567890'),
(1, 20, 1, 2.99, '1234567890'),
(1, 21, 1, 2.99, '1234567890'),
(1, 22, 1, 2.99, '1234567890'),
(2, 1, 0.99, 3.99, '2123456789'),
(2, 2, 0.99, 3.99, '2123456789'),
(2, 3, 0.99, 3.99, '2123456789'),
(2, 4, 0.99, 3.99, '2123456789'),
(2, 5, 0.99, 3.99, '2123456789'),
(2, 6, 0.99, 3.99, '2123456789'),
(2, 7, 0.99, 3.99, '2123456789'),
(2, 8, 0.99, 3.99, '2123456789'),
(2, 9, 0.99, 3.99, '2123456789'),
(2, 10, 0.99, 3.99, '2123456789'),
(2, 11, 0.99, 3.99, '2123456789'),
(2, 12, 0.99, 3.99, '2123456789'),
(2, 13, 0.99, 3.99, '2123456789'),
(2, 14, 0.99, 3.99, '2123456789'),
(2, 15, 0.99, 3.99, '2123456789'),
(2, 16, 0.99, 3.99, '2123456789'),
(2, 17, 0.99, 3.99, '2123456789'),
(2, 18, 0.99, 3.99, '2123456789'),
(2, 19, 0.99, 3.99, '2123456789'),
(2, 20, 0.99, 3.99, '2123456789'),
(2, 21, 0.99, 3.99, '2123456789'),
(2, 22, 0.99, 3.99, '2123456789');

INSERT INTO `articles` (`article_id`, `category`, `title`) VALUES (NULL, 'Tecnologia', 'Spring boot'), (NULL, 'Tecnologia', 'Spring Batch');

COMMIT;